1,1,CRangrajan.JPG,10/19/2020
2,1,DSC_0951.JPG,10/19/2020
3,1,DSC_0979.JPG,10/19/2020
4,1,DSC_0995.JPG,10/19/2020
5,1,DSC_0997.JPG,10/19/2020
6,1,DSC_1005.JPG,10/19/2020
7,1,DSC_1006.JPG,10/19/2020
8,1,DSC_1007.JPG,10/19/2020
9,1,DSC_1009.JPG,10/19/2020
10,1,DSC_1011.JPG,10/19/2020
11,1,DSC_1019.JPG,10/19/2020
12,1,DSC_1024.JPG,10/19/2020
13,1,DSC_1028.JPG,10/19/2020
14,1,DSC_1030.JPG,10/19/2020
15,1,DSC_1033.JPG,10/19/2020
16,1,DSC_1037.JPG,10/19/2020
17,1,DSC_1038.JPG,10/19/2020
18,1,DSC_1064.JPG,10/19/2020
19,1,DSC_1069.JPG,10/19/2020
20,1,DSC_1077.JPG,10/19/2020
21,1,DSC_1078.JPG,10/19/2020
22,1,DSC_1082.JPG,10/19/2020
23,1,DSC_1083.JPG,10/19/2020
24,1,DSC_1085.JPG,10/19/2020
25,1,DSC_1094.JPG,10/19/2020
26,1,DSC_1095.JPG,10/19/2020
27,1,DSC_1096.JPG,10/19/2020
28,1,DSC_1097.JPG,10/19/2020
29,1,DSC_1098.JPG,10/19/2020
30,1,DSC_1100.JPG,10/19/2020
31,1,DSC_1107.JPG,10/19/2020
32,1,DSC_1108.JPG,10/19/2020
33,1,DSC_1109.JPG,10/19/2020
34,1,DSC_1112.JPG,10/19/2020
35,1,DSC_1113.JPG,10/19/2020
36,1,DSC_1114.JPG,10/19/2020
37,1,DSC_1115.JPG,10/19/2020
38,1,DSC_1116.JPG,10/19/2020
39,1,DSC_1117.JPG,10/19/2020
40,1,DSC_1122.JPG,10/19/2020
41,1,DSC_1123.JPG,10/19/2020
42,1,DSC_1126.JPG,10/19/2020
43,1,DSC_1135.JPG,10/19/2020
44,1,DSC_1140.JPG,10/19/2020
45,1,DSC_1141.JPG,10/19/2020
46,1,DSC_1143.JPG,10/19/2020
47,1,DSC_1144.JPG,10/19/2020
48,1,DSC_1146.JPG,10/19/2020
49,1,DSC_1147.JPG,10/19/2020
50,1,DSC_1152.JPG,10/19/2020
51,1,DSC_1155.JPG,10/19/2020
52,1,DSC_1156.JPG,10/19/2020
53,1,DSC_1164.JPG,10/19/2020
54,1,DSC_1168.JPG,10/19/2020
55,1,DSC_1169.JPG,10/19/2020
56,1,DSC_1170.JPG,10/19/2020
57,1,DSC_1171.JPG,10/19/2020
58,1,DSC_1172.JPG,10/19/2020
59,1,DSC_1184.JPG,10/19/2020
60,1,DSC_1191.JPG,10/19/2020
61,1,DSC_1212.JPG,10/19/2020
62,1,DSC_1214.JPG,10/19/2020
63,1,DSC_1229.JPG,10/19/2020
64,1,DSC_1237.JPG,10/19/2020
65,1,DSC_1246.JPG,10/19/2020
66,1,DSC_1251.JPG,10/19/2020
67,1,DSC_1353.JPG,10/19/2020
68,1,DSC_1406.JPG,10/19/2020
69,1,DSC_1416.JPG,10/19/2020
70,1,NCC1.JPG,10/19/2020
71,1,NCC2.JPG,10/19/2020
72,1,NCC3.JPG,10/19/2020
73,1,P.Kiribati.jpg,10/19/2020
74,1,Photo Vskp.JPG,10/19/2020
75,1,VRG_Morar-01.JPG,10/19/2020
76,1,pla.pho.JPG,10/19/2020
77,1,CRangrajan.JPG,10/19/2020
78,1,DSC_0951.JPG,10/19/2020
79,1,DSC_0979.JPG,10/19/2020
80,1,DSC_0995.JPG,10/19/2020
81,1,DSC_0997.JPG,10/19/2020
82,1,DSC_1005.JPG,10/19/2020
83,1,DSC_1006.JPG,10/19/2020
84,1,DSC_1007.JPG,10/19/2020
85,1,DSC_1009.JPG,10/19/2020
86,1,DSC_1011.JPG,10/19/2020
87,1,DSC_1019.JPG,10/19/2020
88,1,DSC_1024.JPG,10/19/2020
89,1,DSC_1028.JPG,10/19/2020
90,1,DSC_1030.JPG,10/19/2020
91,1,DSC_1033.JPG,10/19/2020
92,1,DSC_1037.JPG,10/19/2020
93,1,DSC_1038.JPG,10/19/2020
94,1,DSC_1064.JPG,10/19/2020
95,1,DSC_1069.JPG,10/19/2020
96,1,DSC_1077.JPG,10/19/2020
97,1,DSC_1078.JPG,10/19/2020
98,1,DSC_1082.JPG,10/19/2020
99,1,DSC_1083.JPG,10/19/2020
100,1,DSC_1085.JPG,10/19/2020
101,1,DSC_1094.JPG,10/19/2020
102,1,DSC_1095.JPG,10/19/2020
103,1,DSC_1096.JPG,10/19/2020
104,1,DSC_1097.JPG,10/19/2020
105,1,DSC_1098.JPG,10/19/2020
106,1,DSC_1100.JPG,10/19/2020
107,1,DSC_1107.JPG,10/19/2020
108,1,DSC_1108.JPG,10/19/2020
109,1,DSC_1109.JPG,10/19/2020
110,1,DSC_1112.JPG,10/19/2020
111,1,DSC_1113.JPG,10/19/2020
112,1,DSC_1114.JPG,10/19/2020
113,1,DSC_1115.JPG,10/19/2020
114,1,DSC_1116.JPG,10/19/2020
115,1,DSC_1117.JPG,10/19/2020
116,1,DSC_1122.JPG,10/19/2020
117,1,DSC_1123.JPG,10/19/2020
118,1,DSC_1126.JPG,10/19/2020
119,1,DSC_1135.JPG,10/19/2020
120,1,DSC_1140.JPG,10/19/2020
121,1,DSC_1141.JPG,10/19/2020
122,1,DSC_1143.JPG,10/19/2020
123,1,DSC_1144.JPG,10/19/2020
124,1,DSC_1146.JPG,10/19/2020
125,1,DSC_1147.JPG,10/19/2020
126,1,DSC_1152.JPG,10/19/2020
127,1,DSC_1155.JPG,10/19/2020
128,1,DSC_1156.JPG,10/19/2020
129,1,DSC_1164.JPG,10/19/2020
130,1,DSC_1168.JPG,10/19/2020
131,1,DSC_1169.JPG,10/19/2020
132,1,DSC_1170.JPG,10/19/2020
133,1,DSC_1171.JPG,10/19/2020
134,1,DSC_1172.JPG,10/19/2020
135,1,DSC_1184.JPG,10/19/2020
136,1,DSC_1191.JPG,10/19/2020
137,1,DSC_1212.JPG,10/19/2020
138,1,DSC_1214.JPG,10/19/2020
139,1,DSC_1229.JPG,10/19/2020
140,1,DSC_1237.JPG,10/19/2020
141,1,DSC_1246.JPG,10/19/2020
142,1,DSC_1251.JPG,10/19/2020
143,1,DSC_1353.JPG,10/19/2020
144,1,DSC_1406.JPG,10/19/2020
145,1,DSC_1416.JPG,10/19/2020
146,1,NCC1.JPG,10/19/2020
147,1,NCC2.JPG,10/19/2020
148,1,NCC3.JPG,10/19/2020
149,1,P.Kiribati.jpg,10/19/2020
150,1,Photo Vskp.JPG,10/19/2020
151,1,VRG_Morar-01.JPG,10/19/2020
152,1,pla.pho.JPG,10/19/2020
153,2,event-10.JPG,10/19/2020
154,2,event-11.JPG,10/19/2020
155,2,event-12.JPG,10/19/2020
156,2,event-13.JPG,10/19/2020
157,2,event-14.JPG,10/19/2020
158,2,event-15.JPG,10/19/2020
159,2,event-16.JPG,10/19/2020
160,2,event-17.JPG,10/19/2020
161,2,event-18.JPG,10/19/2020
162,2,event-19.JPG,10/19/2020
163,2,event-2.JPG,10/19/2020
164,2,event-20.JPG,10/19/2020
165,2,event-21.JPG,10/19/2020
166,2,event-22.JPG,10/19/2020
167,2,event-23.JPG,10/19/2020
168,2,event-24.JPG,10/19/2020
169,2,event-25.JPG,10/19/2020
170,2,event-26.JPG,10/19/2020
171,2,event-27.JPG,10/19/2020
172,2,event-3.JPG,10/19/2020
173,2,event-4.JPG,10/19/2020
174,2,event-5.JPG,10/19/2020
175,2,event-6.JPG,10/19/2020
176,2,event-7.JPG,10/19/2020
177,2,event-8.JPG,10/19/2020
178,2,event-9.JPG,10/19/2020
179,2,f01,10/19/2020
180,2,event-10.JPG,10/19/2020
181,2,event-11.JPG,10/19/2020
182,2,event-12.JPG,10/19/2020
183,2,event-13.JPG,10/19/2020
184,2,event-14.JPG,10/19/2020
185,2,event-15.JPG,10/19/2020
186,2,event-16.JPG,10/19/2020
187,2,event-17.JPG,10/19/2020
188,2,event-18.JPG,10/19/2020
189,2,event-19.JPG,10/19/2020
190,2,event-2.JPG,10/19/2020
191,2,event-20.JPG,10/19/2020
192,2,event-21.JPG,10/19/2020
193,2,event-22.JPG,10/19/2020
194,2,event-23.JPG,10/19/2020
195,2,event-24.JPG,10/19/2020
196,2,event-25.JPG,10/19/2020
197,2,event-26.JPG,10/19/2020
198,2,event-27.JPG,10/19/2020
199,2,event-3.JPG,10/19/2020
200,2,event-4.JPG,10/19/2020
201,2,event-5.JPG,10/19/2020
202,2,event-6.JPG,10/19/2020
203,2,event-7.JPG,10/19/2020
204,2,event-8.JPG,10/19/2020
205,2,event-9.JPG,10/19/2020
206,3,lab-1.JPG,10/19/2020
207,3,lab-2.JPG,10/19/2020
208,3,lab-3.JPG,10/19/2020
209,3,lab-4.JPG,10/19/2020
210,3,lab-6.JPG,10/19/2020
211,3,lab-7.JPG,10/19/2020
212,3,lab-8.jpg,10/19/2020
213,3,lab-1.JPG,10/19/2020
214,3,lab-2.JPG,10/19/2020
215,3,lab-3.JPG,10/19/2020
216,3,lab-4.JPG,10/19/2020
217,3,lab-6.JPG,10/19/2020
218,3,lab-7.JPG,10/19/2020
219,3,lab-8.jpg,10/19/2020
